text,options,label,pronoun,pronoun_loc
"['Міські', 'чиновники', 'не', 'видали', 'протестувальникам', 'дозвіл', ',', 'бо', 'вони', 'боялися', 'насилля', '.']","[['міські', 'чиновники'], ['протестувальники']]",0,вони,8
"['Міські', 'чиновники', 'не', 'видали', 'протестувальникам', 'дозвіл', ',', 'бо', 'вони', 'відстоювали', 'насилля', '.']","[['міські', 'чиновники'], ['протестувальники']]",1,вони,8
"['Нагорода', 'не', 'поміщається', 'у', 'валізу', ',', 'бо', 'вона', 'занадто', 'велика', '.']","[['нагорода'], ['валіза']]",0,вона,7
"['Нагорода', 'не', 'поміщається', 'у', 'валізу', ',', 'бо', 'вона', 'занадто', 'мала', '.']","[['нагорода'], ['валіза']]",1,вона,7
"['Катерина', 'була', 'дуже', 'вдячна', 'Галині', 'за', 'допомогу', ',', 'яку', 'вона', 'отримала', '.']","[['Катерина'], ['Галина']]",0,вона,9
"['Катерина', 'була', 'дуже', 'вдячна', 'Галині', 'за', 'допомогу', ',', 'яку', 'вона', 'надала', '.']","[['Катерина'], ['Галина']]",1,вона,9
"['Павло', 'спробував', 'додзвонитися', 'до', 'Георгія', ',', 'але', 'він', 'не', 'досяг', 'успіху', '.']","[['Павло'], ['Георгій']]",0,він,7
"['Павло', 'спробував', 'додзвонитися', 'до', 'Георгія', ',', 'але', 'він', 'не', 'був', 'доступним', '.']","[['Павло'], ['Георгій']]",1,він,7
"['Адвокат', 'поставив', 'свідкові', 'запитання', ',', 'проте', 'він', 'відмовився', 'його', 'повторити', '.']","[['адвокат'], ['свідок']]",0,він,6
"['Адвокат', 'поставив', 'свідкові', 'запитання', ',', 'проте', 'він', 'відмовився', 'дати', 'на', 'нього', 'відповідь', '.']","[['адвокат'], ['свідок']]",1,він,6
"['Машина', 'доставки', 'промчала', 'повз', 'вантажівку', ',', 'бо', 'вона', 'рухалась', 'вкрай', 'швидко', '.']","[['машина', 'доставки'], ['вантажівка']]",0,вона,7
"['Машина', 'доставки', 'промчала', 'повз', 'вантажівку', ',', 'бо', 'вона', 'рухалась', 'вкрай', 'повільно', '.']","[['машина', 'доставки'], ['вантажівка']]",1,вона,7
"['Андрій', 'почувався', 'піднесеним', ',', 'коли', 'його', 'давній', 'суперник', 'Віталій', 'оголосив', ',', 'що', 'він', 'став', 'переможцем', 'змагання', '.']","[['Андрій'], ['Віталій']]",0,він,12
"['Андрій', 'почувався', 'розчавленим', ',', 'коли', 'його', 'давній', 'суперник', 'Віталій', 'оголосив', ',', 'що', 'він', 'став', 'переможцем', 'змагання', '.']","[['Андрій'], ['Віталій']]",1,він,12
"['Чоловік', 'не', 'міг', 'підняти', 'свого', 'сина', ',', 'бо', 'він', 'був', 'надто', 'слабким', '.']","[['чоловік'], ['син']]",0,він,8
"['Чоловік', 'не', 'міг', 'підняти', 'свого', 'сина', ',', 'бо', 'він', 'був', 'надто', 'важким', '.']","[['чоловік'], ['син']]",1,він,8
"['Величезний', 'молот', 'розбив', 'стіл', ',', 'бо', 'він', 'був', 'зроблений', 'зі', 'сталі', '.']","[['молот'], ['стіл']]",0,він,6
"['Величезний', 'молот', 'розбив', 'стіл', ',', 'бо', 'він', 'був', 'зроблений', 'із', 'пінопласту', '.']","[['молот'], ['стіл']]",1,він,6
"['Петро', 'не', 'бачив', 'сцени', ',', 'коли', 'Іван', 'стояв', 'попереду', ',', 'бо', 'він', 'досить', 'низького', 'зросту', '.']","[['Петро'], ['Іван']]",0,він,11
"['Петро', 'не', 'бачив', 'сцени', ',', 'коли', 'Іван', 'стояв', 'попереду', ',', 'бо', 'він', 'досить', 'високого', 'зросту', '.']","[['Петро'], ['Іван']]",1,він,11
"['Денис', 'кинув', 'свій', 'шкільний', 'рюкзак', 'униз', 'Василю', ',', 'коли', 'він', 'дістався', 'верху', 'сходів', '.']","[['Денис'], ['Василь']]",0,він,9
"['Денис', 'кинув', 'свій', 'шкільний', 'рюкзак', 'униз', 'Василю', ',', 'коли', 'він', 'дістався', 'низу', 'сходів', '.']","[['Денис'], ['Василь']]",1,він,9
"['Хоча', 'вони', 'бігли', 'приблизно', 'з', 'однаковою', 'швидкістю', ',', 'Анна', 'перемогла', 'Марію', ',', 'бо', 'вона', 'дуже', 'добре', 'стартувала', '.']","[['Анна'], ['Марія']]",0,вона,13
"['Хоча', 'вони', 'бігли', 'приблизно', 'з', 'однаковою', 'швидкістю', ',', 'Анна', 'перемогла', 'Марію', ',', 'бо', 'вона', 'дуже', 'погано', 'стартувала', '.']","[['Анна'], ['Марія']]",1,вона,13
"['Скульптура', 'скотилася', 'з', 'полиці', ',', 'бо', 'вона', 'не', 'була', 'зафіксована', '.']","[['скульптура'], ['полиця']]",0,вона,6
"['Скульптура', 'скотилася', 'з', 'полиці', ',', 'бо', 'вона', 'не', 'була', 'рівною', '.']","[['скульптура'], ['полиця']]",1,вона,6
"['Малюнок', 'Влада', 'висів', 'якраз', 'над', 'малюнком', 'Галі', ',', 'і', 'він', 'мав', 'значно', 'кращий', 'вигляд', 'поряд', 'зі', 'ще', 'одним', 'знизу', '.']","[['малюнок', 'Влада'], ['малюнок', 'Галі']]",0,він,9
"['Малюнок', 'Влада', 'висів', 'якраз', 'над', 'малюнком', 'Галі', ',', 'і', 'він', 'мав', 'значно', 'кращий', 'вигляд', 'поряд', 'зі', 'ще', 'одним', 'згори', '.']","[['малюнок', 'Влада'], ['малюнок', 'Галі']]",1,він,9
"['Анна', 'впоралася', 'із', 'тестом', 'значно', 'краще', ',', 'ніж', 'її', 'подруга', 'Людмила', ',', 'адже', 'вона', 'так', 'старанно', 'вчилася', '.']","[['Анна'], ['Людмила']]",0,вона,13
"['Анна', 'впоралася', 'із', 'тестом', 'значно', 'гірше', ',', 'ніж', 'її', 'подруга', 'Людмила', ',', 'адже', 'вона', 'так', 'старанно', 'вчилася', '.']","[['Анна'], ['Людмила']]",1,вона,13
"['Пожежники', 'прибули', 'після', 'працівників', 'поліції', ',', 'бо', 'вони', 'їхали', 'здалека', '.']","[['пожежники'], ['працівники', 'поліції']]",0,вони,7
"['Пожежники', 'прибули', 'перед', 'працівниками', 'поліції', ',', 'бо', 'вони', 'їхали', 'здалека', '.']","[['пожежники'], ['працівники', 'поліції']]",1,вони,7
"['Андрій', 'засмутився', 'через', 'Костю', ',', 'бо', 'мʼясорубка', ',', 'яку', 'він', 'у', 'нього', 'купив', ',', 'не', 'працювала', '.']","[['Андрій'], ['Костя']]",0,він,9
"['Андрій', 'засмутився', 'через', 'Костю', ',', 'бо', 'мʼясорубка', ',', 'яку', 'він', 'йому', 'продав', ',', 'не', 'працювала', '.']","[['Андрій'], ['Костя']]",1,він,9
"['Назар', 'накричав', 'на', 'Колю', ',', 'бо', 'він', 'був', 'вкрай', 'засмучений', '.']","[['Назар'], ['Коля']]",0,він,6
"['Назар', 'втішив', 'Колю', ',', 'бо', 'він', 'був', 'вкрай', 'засмучений', '.']","[['Назар'], ['Коля']]",1,він,5
"['Мішок', 'картоплі', 'поклали', 'на', 'мішок', 'борошна', ',', 'тож', 'його', 'довелося', 'перемістити', 'першим', '.']","[['мішок', 'картоплі'], ['мішок', 'борошна']]",0,його,8
"['Мішок', 'картоплі', 'поклали', 'під', 'мішок', 'борошна', ',', 'тож', 'його', 'довелося', 'перемістити', 'першим', '.']","[['мішок', 'картоплі'], ['мішок', 'борошна']]",1,його,8
"['Петро', 'заздрить', 'Мирону', ',', 'хоча', 'він', 'досяг', 'великого', 'успіху', '.']","[['Петро'], ['Мирон']]",0,він,5
"['Петро', 'заздрить', 'Мирону', ',', 'адже', 'він', 'досяг', 'великого', 'успіху', '.']","[['Петро'], ['Мирон']]",1,він,5
"['Старші', 'студенти', 'знущалися', 'з', 'молодших', ',', 'тож', 'ми', 'їх', 'покарали', '.']","[['старші', 'студенти'], ['молодші', 'студенти']]",0,їх,8
"['Старші', 'студенти', 'знущалися', 'з', 'молодших', ',', 'тож', 'ми', 'їх', 'врятували', '.']","[['старші', 'студенти'], ['молодші', 'студенти']]",1,їх,8
"['Я', 'лив', 'воду', 'з', 'пляшки', 'у', 'склянку', ',', 'аж', 'поки', 'вона', 'не', 'наповнилася', '.']","[['пляшка'], ['склянка']]",0,вона,10
"['Я', 'лив', 'воду', 'з', 'пляшки', 'у', 'склянку', ',', 'аж', 'поки', 'вона', 'не', 'спорожніла', '.']","[['пляшка'], ['склянка']]",1,вона,10
"['Світлана', 'знає', 'все', 'про', 'негаразди', 'Анни', ',', 'бо', 'вона', 'допитлива', '.']","[['Світлана'], ['Анна']]",0,вона,8
"['Світлана', 'знає', 'все', 'про', 'негаразди', 'Анни', ',', 'бо', 'вона', 'язиката', '.']","[['Світлана'], ['Анна']]",1,вона,8
"['Семен', 'пояснив', 'свою', 'теорію', 'Маркові', ',', 'але', 'він', 'не', 'зумів', 'його', 'переконати', '.']","[['Семен'], ['Марк']]",0,він,7
"['Семен', 'пояснив', 'свою', 'теорію', 'Маркові', ',', 'але', 'він', 'не', 'зумів', 'його', 'зрозуміти', '.']","[['Семен'], ['Марк']]",1,він,7
"['Світлана', 'знала', ',', 'що', 'син', 'Анни', 'потрапив', 'у', 'ДТП', ',', 'тож', 'вона', 'розповіла', 'їй', 'про', 'це', '.']","[['Світлана'], ['Анна']]",0,вона,11
"['Світлана', 'знала', ',', 'що', 'син', 'Анни', 'потрапив', 'у', 'ДТП', ',', 'бо', 'вона', 'розповіла', 'їй', 'про', 'це', '.']","[['Світлана'], ['Анна']]",1,вона,11
"['Дядько', 'Максима', 'досі', 'може', 'перемогти', 'його', 'в', 'теніс', ',', 'хоча', 'він', 'на', 'тридцять', 'років', 'молодший', '.']","[['Максим'], ['дядько', 'Максима']]",0,він,10
"['Дядько', 'Максима', 'досі', 'може', 'перемогти', 'його', 'в', 'теніс', ',', 'хоча', 'він', 'на', 'тридцять', 'років', 'старший', '.']","[['Максим'], ['дядько', 'Максима']]",1,він,10
"['На', 'малюнку', 'у', 'вітальні', 'Марка', 'зображений', 'дуб', '.', 'Він', 'знаходиться', 'праворуч', 'від', 'книжкової', 'шафи', '.']","[['малюнок'], ['дуб']]",0,Він,8
"['На', 'малюнку', 'у', 'вітальні', 'Марка', 'зображений', 'дуб', '.', 'Він', 'знаходиться', 'праворуч', 'від', 'будинку', '.']","[['малюнок'], ['дуб']]",1,Він,8
"['У', 'стіні', 'є', 'дірка', '.', 'Крізь', 'неї', 'можна', 'побачити', 'сад', '.']","[['дірка'], ['стіна']]",0,неї,6
"['У', 'стіні', 'є', 'дірка', '.', 'За', 'нею', 'можна', 'побачити', 'сад', '.']","[['дірка'], ['стіна']]",1,нею,6
"['Зливний', 'отвір', 'забитий', 'волоссям', '.', 'Його', 'потрібно', 'прочистити', '.']","[['зливний', 'отвір'], ['волосся']]",0,Його,5
"['Зливний', 'отвір', 'забитий', 'волоссям', '.', 'Його', 'потрібно', 'позбутися', '.']","[['зливний', 'отвір'], ['волосся']]",1,Його,5
"['Моя', 'зустріч', 'почалася', 'о', 'четвертій', 'годині', ',', 'і', 'я', 'мусив', 'встигнути', 'на', 'маршрутку', 'о', 'четвертій', 'тридцять', ',', 'тож', 'часу', 'було', 'обмаль', '.', 'На', 'щастя', ',', 'вона', 'була', 'короткою', ',', 'тож', 'все', 'вийшло', '.']","[['зустріч'], ['маршрутка']]",0,вона,25
"['Моя', 'зустріч', 'почалася', 'о', 'четвертій', 'годині', ',', 'і', 'я', 'мусив', 'встигнути', 'на', 'маршрутку', 'о', 'четвертій', 'тридцять', ',', 'тож', 'часу', 'було', 'обмаль', '.', 'На', 'щастя', ',', 'вона', 'запізнилася', ',', 'тож', 'все', 'вийшло', '.']","[['зустріч'], ['маршрутка']]",1,вона,25
"['Поміж', 'мною', 'і', 'сценою', 'є', 'колона', ',', 'і', 'я', 'не', 'бачу', 'з-за', 'неї', '.']","[['колона'], ['сцена']]",0,неї,12
"['Поміж', 'мною', 'і', 'сценою', 'є', 'колона', ',', 'і', 'я', 'не', 'бачу', 'її', '.']","[['колона'], ['сцена']]",1,її,11
"['Почали', 'транслювати', 'оголошення', ',', 'але', 'приїхав', 'поїзд', 'метро', ',', 'і', 'мені', 'не', 'вдалося', 'його', 'розчути', '.']","[['оголошення'], ['поїзд', 'метро']]",0,його,13
"['Почали', 'транслювати', 'оголошення', ',', 'але', 'приїхав', 'поїзд', 'метро', ',', 'і', 'мені', 'не', 'вдалося', 'через', 'нього', 'розчути', '.']","[['оголошення'], ['поїзд', 'метро']]",1,нього,14
"['Посеред', 'концерту', 'просто', 'неба', 'пішов', 'дощ', ',', 'але', 'він', 'тривав', 'аж', 'до', '10', '.']","[['концерт'], ['дощ']]",0,він,8
"['Посеред', 'концерту', 'просто', 'неба', 'пішов', 'дощ', ',', 'і', 'він', 'тривав', 'аж', 'до', '10', '.']","[['концерт'], ['дощ']]",1,він,8
"['Я', 'використав', 'стару', 'ганчірку', ',', 'щоб', 'протерти', 'ложку', ',', 'а', 'тоді', 'кинув', 'її', 'у', 'сміття', '.']","[['ганчірка'], ['ложка']]",0,її,12
"['Я', 'використав', 'стару', 'ганчірку', ',', 'щоб', 'протерти', 'ложку', ',', 'а', 'тоді', 'кинув', 'її', 'у', 'шухляду', '.']","[['ганчірка'], ['ложка']]",1,її,12
"['Анна', 'спитала', 'у', 'Марії', ',', 'коли', 'зачиняється', 'бібліотека', ',', 'бо', 'вона', 'забула', '.']","[['Анна'], ['Марія']]",0,вона,10
"['Анна', 'спитала', 'у', 'Марії', ',', 'коли', 'зачиняється', 'бібліотека', ',', 'але', 'вона', 'забула', '.']","[['Анна'], ['Марія']]",1,вона,10
"['Я', 'вийняв', 'пляшку', 'води', 'з', 'сумки', ',', 'щоб', 'вона', 'стала', 'в', 'пригоді', '.']","[['пляшка'], ['сумка']]",0,вона,8
"['Я', 'вийняв', 'пляшку', 'води', 'з', 'сумки', ',', 'щоб', 'вона', 'полегшала', '.']","[['пляшка'], ['сумка']]",1,вона,8
"['Я', 'не', 'міг', 'поставити', 'вазу', 'на', 'полицю', ',', 'бо', 'вона', 'була', 'занадто', 'висока', '.']","[['ваза'], ['полиця']]",0,вона,9
"['Я', 'не', 'міг', 'поставити', 'вазу', 'на', 'полицю', ',', 'бо', 'вона', 'була', 'занадто', 'високо', '.']","[['ваза'], ['полиця']]",1,вона,9
"['Я', 'впевнений', ',', 'що', 'ця', 'будівля', 'буде', 'на', 'моїй', 'карті', ';', 'вона', 'дуже', 'хороша', '.']","[['карта'], ['будівля']]",0,вона,11
"['Я', 'впевнений', ',', 'що', 'ця', 'будівля', 'буде', 'на', 'моїй', 'карті', ';', 'вона', 'дуже', 'відома', '.']","[['карта'], ['будівля']]",1,вона,11
"['Богдан', 'заплатив', 'за', 'навчання', 'Дмитра', 'у', 'коледжі', '.', 'Він', 'дуже', 'щедрий', '.']","[['Богдан'], ['Дмитро']]",0,Він,8
"['Богдан', 'заплатив', 'за', 'навчання', 'Дмитра', 'у', 'коледжі', '.', 'Він', 'дуже', 'вдячний', '.']","[['Богдан'], ['Дмитро']]",1,Він,8
"['Богдан', 'заплатив', 'за', 'навчання', 'Дмитра', 'у', 'коледжі', ',', 'але', 'тепер', 'Дмитро', 'вдає', ',', 'наче', 'цього', 'не', 'було', '.', 'Він', 'дуже', 'ображений', '.']","[['Богдан'], ['Дмитро']]",0,Він,18
"['Богдан', 'заплатив', 'за', 'навчання', 'Дмитра', 'у', 'коледжі', ',', 'але', 'тепер', 'Дмитро', 'вдає', ',', 'наче', 'цього', 'не', 'було', '.', 'Він', 'дуже', 'невдячний', '.']","[['Богдан'], ['Дмитро']]",1,Він,18
"['Богдан', 'грав', 'у', 'карти', 'з', 'Адамом', 'і', 'мав', 'велику', 'перевагу', '.', 'Якби', 'Адамові', 'не', 'пощастило', ',', 'він', 'би', 'виграв', '.']","[['Богдан'], ['Адам']]",0,він,16
"['Богдан', 'грав', 'у', 'карти', 'з', 'Адамом', 'і', 'мав', 'велику', 'перевагу', '.', 'Якби', 'Адамові', 'не', 'пощастило', ',', 'він', 'би', 'програв', '.']","[['Богдан'], ['Адам']]",1,він,16
"['Адам', 'не', 'може', 'піти', 'з', 'роботи', ',', 'поки', 'Богдан', 'не', 'прийде', ',', 'щоб', 'поміняти', 'його', '.', 'Якби', 'Богдан', 'вчасно', 'вийшов', 'із', 'дому', ',', 'він', 'би', 'уже', 'пішов', '.']","[['Адам'], ['Богдан']]",0,він,23
"['Адам', 'не', 'може', 'піти', 'з', 'роботи', ',', 'поки', 'Богдан', 'не', 'прийде', ',', 'щоб', 'поміняти', 'його', '.', 'Якби', 'Богдан', 'вчасно', 'вийшов', 'із', 'дому', ',', 'він', 'би', 'уже', 'прийшов', '.']","[['Адам'], ['Богдан']]",1,він,23
"['Якби', 'шахраю', 'вдалося', 'обдурити', 'Семена', ',', 'він', 'би', 'отримав', 'багато', 'грошей', '.']","[['шахрай'], ['Семен']]",0,він,6
"['Якби', 'шахраю', 'вдалося', 'обдурити', 'Семена', ',', 'він', 'би', 'втратив', 'багато', 'грошей', '.']","[['шахрай'], ['Семен']]",1,він,6
"['Кішка', 'лежала', 'біля', 'нірки', ',', 'виглядаючи', 'мишу', ',', 'але', 'вона', 'була', 'занадто', 'нетерпелива', '.']","[['кішка'], ['миша']]",0,вона,9
"['Кішка', 'лежала', 'біля', 'нірки', ',', 'виглядаючи', 'мишу', ',', 'але', 'вона', 'була', 'занадто', 'обережна', '.']","[['кішка'], ['миша']]",1,вона,9
"['Анна', 'народила', 'дівчинку', 'минулого', 'місяця', '.', 'Вона', 'надзвичайно', 'чарівна', 'жінка', '.']","[['Анна'], ['дочка', 'Анни']]",0,Вона,6
"['Анна', 'народила', 'дівчинку', 'минулого', 'місяця', '.', 'Вона', 'надзвичайно', 'чарівна', 'дитина', '.']","[['Анна'], ['дочка', 'Анни']]",1,Вона,6
"['Аліса', 'намагалася', 'завадити', 'своїй', 'дочці', 'розмовляти', 'на', 'вечірці', ';', 'ми', 'не', 'розуміли', ',', 'чому', 'вона', 'так', 'дивно', 'поводиться', '.']","[['Аліса'], ['дочка', 'Аліси']]",0,вона,14
"['Аліса', 'намагалася', 'завадити', 'своїй', 'дочці', 'гавкати', 'на', 'вечірці', ';', 'ми', 'не', 'розуміли', ',', 'чому', 'вона', 'так', 'дивно', 'поводиться', '.']","[['Аліса'], ['дочка', 'Аліси']]",1,вона,14
"['Я', 'побачив', ',', 'як', 'Іван', 'кричить', 'на', 'якогось', 'парубка', 'у', 'військовій', 'формі', ',', 'що', 'мав', 'велику', 'руду', 'бороду', '.', 'Я', 'не', 'знаю', ',', 'чому', ',', 'але', 'він', 'виглядав', 'дуже', 'незадоволеним', '.']","[['Іван'], ['парубок']]",0,він,26
"['Я', 'побачив', ',', 'як', 'Іван', 'кричить', 'на', 'якогось', 'парубка', 'у', 'військовій', 'формі', ',', 'що', 'мав', 'велику', 'руду', 'бороду', '.', 'Я', 'не', 'знаю', ',', 'ким', 'він', 'був', ',', 'але', 'він', 'виглядав', 'дуже', 'незадоволеним', '.']","[['Іван'], ['парубок']]",1,він,28
"['Сом', 'зʼїв', 'червʼяка', '.', 'Він', 'був', 'голодним', '.']","[['сом'], ['червʼяк']]",0,Він,4
"['Сом', 'зʼїв', 'червʼяка', '.', 'Він', 'був', 'смачним', '.']","[['сом'], ['червʼяк']]",1,Він,4
"['Я', 'намагався', 'відімкнути', 'замок', 'ключем', ',', 'але', 'хтось', 'засунув', 'у', 'замкову', 'шпарину', 'шматок', 'жувальної', 'гумки', ',', 'і', 'я', 'не', 'міг', 'його', 'вставити', '.']","[['ключ'], ['шматок', 'жувальної', 'гумки']]",0,його,20
"['Я', 'намагався', 'відімкнути', 'замок', 'ключем', ',', 'але', 'хтось', 'засунув', 'у', 'замкову', 'шпарину', 'шматок', 'жувальної', 'гумки', ',', 'і', 'я', 'не', 'міг', 'його', 'витягнути', '.']","[['ключ'], ['шматок', 'жувальної', 'гумки']]",1,його,20
"['Пес', 'ганявся', 'за', 'котом', ',', 'який', 'вибіг', 'на', 'дерево', '.', 'Він', 'чекав', 'унизу', '.']","[['пес'], ['кіт']]",0,Він,10
"['Пес', 'ганявся', 'за', 'котом', ',', 'який', 'вибіг', 'на', 'дерево', '.', 'Він', 'чекав', 'нагорі', '.']","[['пес'], ['кіт']]",1,Він,10
"['Під', 'час', 'бурі', 'дуб', 'упав', 'і', 'розвалив', 'дах', 'мого', 'будинку', '.', 'Тепер', 'я', 'маю', 'його', 'позбутися', '.']","[['дуб'], ['дах']]",0,його,14
"['Під', 'час', 'бурі', 'дуб', 'упав', 'і', 'розвалив', 'дах', 'мого', 'будинку', '.', 'Тепер', 'я', 'маю', 'його', 'відремонтувати', '.']","[['дуб'], ['дах']]",1,його,14
"['Клієнт', 'зайшов', 'до', 'банку', 'і', 'вдарив', 'ножем', 'одного', 'з', 'працівників', '.', 'Його', 'одразу', 'забрали', 'до', 'відділку', 'поліції', '.']","[['клієнт'], ['працівник']]",0,Його,11
"['Клієнт', 'зайшов', 'до', 'банку', 'і', 'вдарив', 'ножем', 'одного', 'з', 'працівників', '.', 'Його', 'одразу', 'забрали', 'до', 'лікарні', '.']","[['клієнт'], ['працівник']]",1,Його,11
"['Іван', 'займався', 'дослідженнями', 'у', 'бібліотеці', 'і', 'почув', ',', 'як', 'якийсь', 'чоловік', 'мугикав', 'і', 'насвистував', '.', 'Він', 'був', 'дуже', 'роздратований', '.']","[['Іван'], ['чоловік']]",0,Він,15
"['Іван', 'займався', 'дослідженнями', 'у', 'бібліотеці', 'і', 'почув', ',', 'як', 'якийсь', 'чоловік', 'мугикав', 'і', 'насвистував', '.', 'Він', 'був', 'дуже', 'докучливий', '.']","[['Іван'], ['чоловік']]",1,Він,15
"['Іван', 'бігав', 'у', 'парку', 'і', 'побачив', 'чоловіка', ',', 'який', 'жонглював', 'кавунами', '.', 'Він', 'був', 'дуже', 'вражений', '.']","[['Іван'], ['чоловік']]",0,Він,12
"['Іван', 'бігав', 'у', 'парку', 'і', 'побачив', 'чоловіка', ',', 'який', 'жонглював', 'кавунами', '.', 'Він', 'був', 'дуже', 'вражаючий', '.']","[['Іван'], ['чоловік']]",1,Він,12
"['Богдан', 'упав', 'на', 'тротуар', '.', 'Невдовзі', 'він', 'побачив', 'Колю', ',', 'що', 'спішив', 'на', 'допомогу', '.', 'Він', 'був', 'дуже', 'хворим', '.']","[['Богдан'], ['Коля']]",0,Він,15
"['Богдан', 'упав', 'на', 'тротуар', '.', 'Невдовзі', 'він', 'побачив', 'Колю', ',', 'що', 'спішив', 'на', 'допомогу', '.', 'Він', 'був', 'дуже', 'занепокоєним', '.']","[['Богдан'], ['Коля']]",1,Він,15
"['Семен', 'і', 'Анна', 'закохані', 'по', 'самі', 'вуха', ',', 'але', 'батьки', 'Анни', 'незадоволені', 'цим', ',', 'бо', 'вони', 'пʼятнадцятирічні', '.']","[['Семен', 'і', 'Анна'], ['батьки', 'Анни']]",0,вони,15
"['Семен', 'і', 'Анна', 'закохані', 'по', 'самі', 'вуха', ',', 'але', 'батьки', 'Анни', 'незадоволені', 'цим', ',', 'бо', 'вони', 'сноби', '.']","[['Семен', 'і', 'Анна'], ['батьки', 'Анни']]",1,вони,15
"['Михайло', 'розповів', 'Петрові', 'багато', 'брехні', 'про', 'себе', ',', 'яку', 'Петро', 'використав', 'у', 'своїй', 'книзі', '.', 'Він', 'мав', 'бути', 'більш', 'чесним', '.']","[['Михайло'], ['Петро']]",0,Він,15
"['Михайло', 'розповів', 'Петрові', 'багато', 'брехні', 'про', 'себе', ',', 'яку', 'Петро', 'використав', 'у', 'своїй', 'книзі', '.', 'Він', 'мав', 'бути', 'більш', 'скептичним', '.']","[['Михайло'], ['Петро']]",1,Він,15
"['Андрій', 'продав', 'свій', 'будинок', 'і', 'купив', 'інший', 'за', 'кілька', 'миль', 'звідси', '.', 'Він', 'вибереться', 'з', 'нього', 'у', 'четвер', '.']","[['старий', 'будинок'], ['новий', 'будинок']]",0,Він,12
"['Андрій', 'продав', 'свій', 'будинок', 'і', 'купив', 'інший', 'за', 'кілька', 'миль', 'звідси', '.', 'Він', 'перебереться', 'в', 'нього', 'у', 'четвер', '.']","[['старий', 'будинок'], ['новий', 'будинок']]",1,Він,12
"['Багато', 'людей', 'починають', 'читати', 'Павлові', 'книги', 'і', 'не', 'можуть', 'їх', 'відкласти', '.', 'Вони', 'захоплені', ',', 'бо', 'Павло', 'так', 'добре', 'пише', '.']","[['люди'], ['книги']]",0,Вони,12
"['Багато', 'людей', 'починають', 'читати', 'Павлові', 'книги', 'і', 'не', 'можуть', 'їх', 'відкласти', '.', 'Вони', 'популярні', ',', 'бо', 'Павло', 'так', 'добре', 'пише', '.']","[['люди'], ['книги']]",1,Вони,12
"['Марія', 'витягнула', 'свою', 'флейту', 'і', 'зіграла', 'одну', 'з', 'улюблених', 'мелодій', '.', 'Вона', 'зберігала', 'її', 'ще', 'з', 'дитинства', '.']","[['флейта'], ['мелодія']]",0,її,13
"['Марія', 'витягнула', 'свою', 'флейту', 'і', 'зіграла', 'одну', 'з', 'улюблених', 'мелодій', '.', 'Вона', 'любила', 'її', 'ще', 'з', 'дитинства', '.']","[['флейта'], ['мелодія']]",1,її,13
"['Сергій', 'підсунув', 'крісло', 'до', 'фортепіано', ',', 'але', 'воно', 'було', 'поламане', ',', 'тож', 'йому', 'довелося', 'стояти', '.']","[['крісло'], ['фортепіано']]",0,воно,7
"['Сергій', 'підсунув', 'крісло', 'до', 'фортепіано', ',', 'але', 'воно', 'було', 'поламане', ',', 'тож', 'йому', 'довелося', 'співати', '.']","[['крісло'], ['фортепіано']]",1,воно,7
"['Ішов', 'дощ', ',', 'тож', 'я', 'ніс', 'газету', 'у', 'сумці', ',', 'щоб', 'вона', 'не', 'промокла', '.']","[['газета'], ['сумка']]",0,вона,11
"['Ішов', 'дощ', ',', 'тож', 'я', 'ніс', 'газету', 'над', 'сумкою', ',', 'щоб', 'вона', 'не', 'промокла', '.']","[['газета'], ['сумка']]",1,вона,11
"['Світлана', 'узяла', 'книжку', 'у', 'бібліотеці', ',', 'бо', 'вона', 'потрібна', 'їй', 'для', 'статті', ',', 'над', 'якою', 'вона', 'працює', '.', 'Вона', 'читає', 'її', ',', 'коли', 'повертається', 'додому', 'з', 'роботи', '.']","[['книжка'], ['стаття']]",0,її,20
"['Світлана', 'узяла', 'книжку', 'у', 'бібліотеці', ',', 'бо', 'вона', 'потрібна', 'їй', 'для', 'статті', ',', 'над', 'якою', 'вона', 'працює', '.', 'Вона', 'пише', 'її', ',', 'коли', 'повертається', 'додому', 'з', 'роботи', '.']","[['книжка'], ['стаття']]",1,її,20
"['Цього', 'ранку', 'Денис', 'збудував', 'замок', 'із', 'піску', 'на', 'пляжі', 'і', 'встановив', 'іграшковий', 'прапор', 'на', 'найвищій', 'вежі', ',', 'однак', 'увечері', 'хвиля', 'його', 'розбила', '.']","[['замок', 'із', 'піску'], ['прапор']]",0,його,20
"['Цього', 'ранку', 'Денис', 'збудував', 'замок', 'із', 'піску', 'на', 'пляжі', 'і', 'встановив', 'іграшковий', 'прапор', 'на', 'найвищій', 'вежі', ',', 'однак', 'увечері', 'вітер', 'його', 'збив', '.']","[['замок', 'із', 'піску'], ['прапор']]",1,його,20
"['Жанна', 'постукала', 'у', 'двері', 'Тані', ',', 'але', 'не', 'почула', 'відповіді', '.', 'Вона', 'була', 'розчарована', '.']","[['Жанна'], ['Таня']]",0,Вона,11
"['Жанна', 'постукала', 'у', 'двері', 'Тані', ',', 'але', 'не', 'почула', 'відповіді', '.', 'Вона', 'була', 'не', 'вдома', '.']","[['Жанна'], ['Таня']]",1,Вона,11
"['Жанна', 'постукала', 'у', 'двері', ',', 'і', 'Тетяна', 'відповіла', '.', 'Вона', 'попросила', 'її', 'вийти', '.']","[['Жанна'], ['Тетяна']]",0,Вона,9
"['Жанна', 'постукала', 'у', 'двері', ',', 'і', 'Тетяна', 'відповіла', '.', 'Вона', 'попросила', 'її', 'зайти', '.']","[['Жанна'], ['Тетяна']]",1,Вона,9
"['Сергій', 'займався', 'французькою', 'з', 'Андрієм', ',', 'бо', 'він', 'прагнув', 'добре', 'нею', 'говорити', '.']","[['Сергій'], ['Андрій']]",0,він,7
"['Сергій', 'займався', 'французькою', 'з', 'Андрієм', ',', 'бо', 'він', 'вмів', 'добре', 'нею', 'говорити', '.']","[['Сергій'], ['Андрій']]",1,він,7
"['Шлях', 'до', 'озера', 'був', 'загороджений', ',', 'тож', 'ми', 'не', 'могли', 'його', 'використати', '.']","[['шлях'], ['озеро']]",0,його,10
"['Шлях', 'до', 'озера', 'був', 'загороджений', ',', 'тож', 'ми', 'не', 'могли', 'його', 'дістатися', '.']","[['шлях'], ['озеро']]",1,його,10
"['Зірки', 'були', 'закриті', 'хмарами', 'всю', 'ніч', ',', 'та', 'на', 'щастя', ',', 'пізніше', 'їх', 'стало', 'видно', '.']","[['зірки'], ['хмари']]",0,їх,12
"['Зірки', 'були', 'закриті', 'хмарами', 'всю', 'ніч', ',', 'та', 'на', 'щастя', ',', 'пізніше', 'їх', 'не', 'стало', '.']","[['зірки'], ['хмари']]",1,їх,12
"['Ми', 'пішли', 'до', 'озера', ',', 'бо', 'на', 'пляжі', 'океану', 'бачили', 'акулу', ',', 'тож', 'це', 'було', 'безпечніше', 'місце', ',', 'щоб', 'поплавати', '.']","[['озеро'], ['пляж', 'океану']]",0,це,13
"['Ми', 'пішли', 'до', 'озера', ',', 'бо', 'на', 'пляжі', 'океану', 'бачили', 'акулу', ',', 'тож', 'це', 'було', 'небезпечне', 'місце', ',', 'щоб', 'поплавати', '.']","[['озеро'], ['пляж', 'океану']]",1,це,13
"['Сергій', 'намагався', 'намалювати', 'пастухів', 'із', 'вівцями', ',', 'але', 'в', 'результаті', 'вони', 'вийшли', 'більше', 'схожі', 'на', 'гравців', 'у', 'гольф', '.']","[['пастухи'], ['вівці']]",0,вони,10
"['Сергій', 'намагався', 'намалювати', 'пастухів', 'із', 'вівцями', ',', 'але', 'в', 'результаті', 'вони', 'вийшли', 'більше', 'схожі', 'на', 'собак', '.']","[['пастухи'], ['вівці']]",1,вони,10
"['Марія', 'вклала', 'свою', 'доньку', 'Анну', 'в', 'ліжко', ',', 'щоб', 'вона', 'могла', 'попрацювати', '.']","[['Марія'], ['донька', 'Марії']]",0,вона,9
"['Марія', 'вклала', 'свою', 'доньку', 'Анну', 'в', 'ліжко', ',', 'щоб', 'вона', 'могла', 'поспати', '.']","[['Марія'], ['донька', 'Марії']]",1,вона,9
"['Федір', 'і', 'Настя', 'носять', 'довгі', 'пальта', ',', 'але', 'вони', 'не', 'були', 'готові', 'до', 'київських', 'морозів', '.']","[['Федір', 'і', 'Настя'], ['пальта']]",0,вони,8
"['Федір', 'і', 'Настя', 'носять', 'довгі', 'пальта', ',', 'але', 'вони', 'не', 'були', 'достатні', 'для', 'київських', 'морозів', '.']","[['Федір', 'і', 'Настя'], ['пальта']]",1,вони,8
"['Шевченко', 'відвідав', 'могилу', 'Іваненка', 'у', '1765', '.', 'На', 'той', 'час', 'він', 'подорожував', 'пʼять', 'років', '.']","[['Шевченко'], ['Іваненко']]",0,він,10
"['Шевченко', 'відвідав', 'могилу', 'Іваненка', 'у', '1765', '.', 'На', 'той', 'час', 'він', 'був', 'мертвий', 'пʼять', 'років', '.']","[['Шевченко'], ['Іваненко']]",1,він,10
"['Шевченко', 'мав', 'великий', 'вплив', 'на', 'Жадана', ',', 'хоч', 'він', 'жив', 'на', 'два', 'століття', 'пізніше', '.']","[['Шевченко'], ['Жадан']]",0,він,8
"['Шевченко', 'мав', 'великий', 'вплив', 'на', 'Жадана', ',', 'хоч', 'він', 'жив', 'на', 'два', 'століття', 'раніше', '.']","[['Шевченко'], ['Жадан']]",1,він,8
"['Я', 'не', 'можу', 'зрубати', 'цю', 'гілку', 'сокирою', ';', 'вона', 'занадто', 'велика', '.']","[['гілка'], ['сокира']]",0,вона,8
"['Я', 'не', 'можу', 'зрубати', 'цю', 'гілку', 'сокирою', ';', 'вона', 'занадто', 'мала', '.']","[['гілка'], ['сокира']]",1,вона,8
"['Лисиці', 'вночі', 'пробираються', 'всередину', 'і', 'крадуть', 'курей', '.', 'Мені', 'доведеться', 'їх', 'убити', '.']","[['лисиці'], ['кури']]",0,їх,10
"['Лисиці', 'вночі', 'пробираються', 'всередину', 'і', 'крадуть', 'курей', '.', 'Мені', 'доведеться', 'їх', 'охороняти', '.']","[['лисиці'], ['кури']]",1,їх,10
"['Лисиці', 'вночі', 'пробираються', 'всередину', 'і', 'крадуть', 'курей', '.', 'Вони', 'стали', 'безстрашними', '.']","[['лисиці'], ['кури']]",0,Вони,8
"['Лисиці', 'вночі', 'пробираються', 'всередину', 'і', 'крадуть', 'курей', '.', 'Вони', 'стали', 'боязкими', '.']","[['лисиці'], ['кури']]",1,Вони,8
"['Володимир', 'закрив', 'очі', 'долонями', ',', 'бо', 'вітер', 'здійняв', 'пісок', 'навколо', '.', 'Він', 'розплющив', 'їх', ',', 'коли', 'вітер', 'стих', '.']","[['очі'], ['долоні']]",0,їх,13
"['Володимир', 'закрив', 'очі', 'долонями', ',', 'бо', 'вітер', 'здійняв', 'пісок', 'навколо', '.', 'Він', 'опустив', 'їх', ',', 'коли', 'вітер', 'стих', '.']","[['очі'], ['долоні']]",1,їх,13
"['Актрису', 'кликали', 'Терпсихора', ',', 'однак', 'вона', 'змінила', 'імʼя', 'на', 'Тіна', 'кілька', 'років', 'тому', ',', 'бо', 'його', 'було', 'важко', 'вимовляти', '.']","[['Терпсихора'], ['Тіна']]",0,його,15
"['Актрису', 'кликали', 'Терпсихора', ',', 'однак', 'вона', 'змінила', 'імʼя', 'на', 'Тіна', 'кілька', 'років', 'тому', ',', 'бо', 'його', 'було', 'легше', 'вимовляти', '.']","[['Терпсихора'], ['Тіна']]",1,його,15
"['Олег', 'дивився', 'телевізор', ',', 'тоді', 'як', 'Віталій', 'вийшов', 'за', 'продуктами', '.', 'За', 'годину', 'він', 'встав', '.']","[['Олег'], ['Віталій']]",0,він,13
"['Олег', 'дивився', 'телевізор', ',', 'тоді', 'як', 'Віталій', 'вийшов', 'за', 'продуктами', '.', 'За', 'годину', 'він', 'повернувся', '.']","[['Олег'], ['Віталій']]",1,він,13
"['Олег', 'мав', 'увімкнути', 'посудомийку', ',', 'проте', 'він', 'відклав', 'це', 'на', 'потім', ',', 'бо', 'хотів', 'подивитися', 'телевізор', '.', 'Однак', 'програма', 'виявилася', 'нудною', ',', 'тому', 'він', 'її', 'увімкнув', '.']","[['посудомийка'], ['програма']]",0,її,24
"['Олег', 'мав', 'увімкнути', 'посудомийку', ',', 'проте', 'він', 'відклав', 'це', 'на', 'потім', ',', 'бо', 'хотів', 'подивитися', 'телевізор', '.', 'Однак', 'програма', 'виявилася', 'нудною', ',', 'тому', 'він', 'її', 'вимкнув', '.']","[['посудомийка'], ['програма']]",1,її,24
"['Олег', 'єдиний', ',', 'хто', 'ще', 'памʼятає', 'мого', 'прадідуся', '.', 'Він', 'чудова', 'людина', '.']","[['Олег'], ['мій', 'прадідусь']]",0,Він,9
"['Олег', 'єдиний', ',', 'хто', 'ще', 'памʼятає', 'мого', 'прадідуся', '.', 'Він', 'був', 'чудовою', 'людиною', '.']","[['Олег'], ['мій', 'прадідусь']]",1,Він,9
"['Олег', 'єдиний', ',', 'хто', 'ще', 'памʼятає', ',', 'як', 'мій', 'батько', 'був', 'немовлям', '.', 'Коли', 'Олег', 'вперше', 'побачив', 'мого', 'батька', ',', 'йому', 'було', 'дванадцять', 'років', '.']","[['Олег'], ['мій', 'батько']]",0,йому,20
"['Олег', 'єдиний', ',', 'хто', 'ще', 'памʼятає', ',', 'як', 'мій', 'батько', 'був', 'немовлям', '.', 'Коли', 'Олег', 'вперше', 'побачив', 'мого', 'батька', ',', 'йому', 'було', 'дванадцять', 'місяців', '.']","[['Олег'], ['мій', 'батько']]",1,йому,20
"['У', 'липні', 'Техас', 'оголосив', 'війну', 'Каліфорнії', '.', 'Через', 'те', ',', 'що', 'армія', 'Каліфорнії', 'була', 'значно', 'краще', 'оснащена', 'і', 'вдесятеро', 'більша', ',', 'їх', 'перемогли', 'за', 'кілька', 'тижнів', '.']","[['Техас'], ['Каліфорнія']]",0,їх,21
"['У', 'липні', 'Техас', 'оголосив', 'війну', 'Каліфорнії', '.', 'Через', 'те', ',', 'що', 'армія', 'Каліфорнії', 'була', 'значно', 'краще', 'оснащена', 'і', 'вдесятеро', 'більша', ',', 'вони', 'перемогли', 'за', 'кілька', 'тижнів', '.']","[['Техас'], ['Каліфорнія']]",1,вони,21
"['Поглянь', '!', 'Одразу', 'під', 'отою', 'качкою', 'плаває', 'рибка', '.', 'Хай', 'вона', 'краще', 'тікає', '!']","[['рибка'], ['качка']]",0,вона,10
"['Поглянь', '!', 'Одразу', 'під', 'отою', 'качкою', 'плаває', 'акула', '.', 'Хай', 'вона', 'краще', 'тікає', '!']","[['рибка'], ['качка']]",1,вона,10
"['Археологи', 'виявили', ',', 'що', 'люди', 'жили', 'в', 'Лапуті', 'двадцять', 'тисяч', 'років', 'тому', '.', 'Вони', 'полювали', 'на', 'докази', 'по', 'берегах', 'річок', '.']","[['археологи'], ['люди']]",0,Вони,13
"['Археологи', 'виявили', ',', 'що', 'люди', 'жили', 'в', 'Лапуті', 'двадцять', 'тисяч', 'років', 'тому', '.', 'Вони', 'полювали', 'на', 'оленів', 'по', 'берегах', 'річок', '.']","[['археологи'], ['люди']]",1,Вони,13
"['Дослідники', 'вивчають', 'три', 'види', 'риби', ',', 'які', 'нещодавно', 'виявили', 'в', 'Індійському', 'океані', '.', 'Вони', 'почали', 'два', 'роки', 'тому', '.']","[['дослідники'], ['види', 'риби']]",0,Вони,13
"['Дослідники', 'вивчають', 'три', 'види', 'риби', ',', 'які', 'нещодавно', 'виявили', 'в', 'Індійському', 'океані', '.', 'Вони', 'зʼявилися', 'два', 'роки', 'тому', '.']","[['дослідники'], ['види', 'риби']]",1,Вони,13
"['Журналісти', 'взяли', 'інтервʼю', 'у', 'зірок', 'нового', 'фільму', '.', 'Вони', 'були', 'дуже', 'завзятими', ',', 'тож', 'інтервʼю', 'зайняло', 'багато', 'часу', '.']","[['журналісти'], ['зірки']]",0,Вони,8
"['Журналісти', 'взяли', 'інтервʼю', 'у', 'зірок', 'нового', 'фільму', '.', 'Вони', 'були', 'дуже', 'відкритими', ',', 'тож', 'інтервʼю', 'зайняло', 'багато', 'часу', '.']","[['журналісти'], ['зірки']]",1,Вони,8
"['Представники', 'поліції', 'заарештували', 'всіх', 'бандитів', '.', 'Вони', 'намагалися', 'зупинити', 'торгівлю', 'наркотиками', 'у', 'районі', '.']","[['представники', 'поліції'], ['бандити']]",0,Вони,6
"['Представники', 'поліції', 'заарештували', 'всіх', 'бандитів', '.', 'Вони', 'намагалися', 'налагодити', 'торгівлю', 'наркотиками', 'у', 'районі', '.']","[['представники', 'поліції'], ['бандити']]",1,Вони,6
"['Я', 'сховав', 'торт', 'у', 'холодильник', '.', 'У', 'ньому', 'було', 'багато', 'крему', '.']","[['торт'], ['холодильник']]",0,ньому,7
"['Я', 'сховав', 'торт', 'у', 'холодильник', '.', 'У', 'ньому', 'було', 'багато', 'недоїдків', '.']","[['торт'], ['холодильник']]",1,ньому,7
"['Сергій', 'зламав', 'обидві', 'гомілки', ',', 'тому', 'зараз', 'він', 'ходить', 'на', 'милицях', '.', 'Та', 'десь', 'за', 'місяць', 'вони', 'стануть', 'здоровими', '.']","[['гомілки'], ['милиці']]",0,вони,16
"['Сергій', 'зламав', 'обидві', 'гомілки', ',', 'тому', 'зараз', 'він', 'ходить', 'на', 'милицях', '.', 'Та', 'десь', 'за', 'місяць', 'вони', 'стануть', 'непотрібними', '.']","[['гомілки'], ['милиці']]",1,вони,16
"['Коли', 'автори', 'законопроекту', 'зайшли', 'у', 'раду', ',', 'вони', 'були', 'здивовані', ',', 'що', 'там', 'вже', 'перебували', 'багато', 'їхніх', 'опонентів', '.', 'Вони', 'були', 'в', 'меншості', '.']","[['автори', 'законопроекту'], ['опоненти']]",0,Вони,19
"['Коли', 'автори', 'законопроекту', 'зайшли', 'у', 'раду', ',', 'вони', 'були', 'здивовані', ',', 'що', 'там', 'вже', 'перебували', 'багато', 'їхніх', 'опонентів', '.', 'Вони', 'були', 'в', 'більшості', '.']","[['автори', 'законопроекту'], ['опоненти']]",1,Вони,19
"['Усім', 'справді', 'сподобалося', 'вівсяне', 'печиво', ',', 'тоді', 'як', 'лише', 'кілька', 'людей', 'оцінили', 'шоколадне', 'печиво', '.', 'Наступного', 'разу', 'ми', 'маємо', 'напекти', 'його', 'більше', '.']","[['вівсяне', 'печиво'], ['шоколадне', 'печиво']]",0,його,20
"['Усім', 'справді', 'сподобалося', 'вівсяне', 'печиво', ',', 'тоді', 'як', 'лише', 'кілька', 'людей', 'оцінили', 'шоколадне', 'печиво', '.', 'Наступного', 'разу', 'ми', 'маємо', 'напекти', 'його', 'менше', '.']","[['вівсяне', 'печиво'], ['шоколадне', 'печиво']]",1,його,20
"['Ми', 'сподівалися', 'покласти', 'примірники', 'нашої', 'газети', 'на', 'усі', 'крісла', 'в', 'аудиторії', ',', 'але', 'їх', 'було', 'замало', '.']","[['примірники', 'газети'], ['крісла']]",0,їх,13
"['Ми', 'сподівалися', 'покласти', 'примірники', 'нашої', 'газети', 'на', 'усі', 'крісла', 'в', 'аудиторії', ',', 'але', 'їх', 'було', 'забагато', '.']","[['примірники', 'газети'], ['крісла']]",1,їх,13
"['Я', 'засунув', 'шпильку', 'у', 'морквину', '.', 'Коли', 'я', 'витягнув', 'шпильку', ',', 'вона', 'залишила', 'дірку', '.']","[['шпилька'], ['морквина']]",0,вона,11
"['Я', 'засунув', 'шпильку', 'у', 'морквину', '.', 'Коли', 'я', 'витягнув', 'шпильку', ',', 'у', 'ній', 'була', 'дірка', '.']","[['шпилька'], ['морквина']]",1,ній,12
"['Я', 'не', 'міг', 'знайти', 'ложку', ',', 'тож', 'спробував', 'розмішати', 'каву', 'ручкою', '.', 'Однак', 'це', 'була', 'погана', 'ідея', ',', 'бо', 'вона', 'наповнилася', 'кавою', '.']","[['ручка'], ['кава']]",0,вона,19
"['Я', 'не', 'міг', 'знайти', 'ложку', ',', 'тож', 'спробував', 'розмішати', 'каву', 'ручкою', '.', 'Однак', 'це', 'була', 'погана', 'ідея', ',', 'бо', 'вона', 'наповнилася', 'чорнилом', '.']","[['ручка'], ['кава']]",1,вона,19
"['Степан', 'наслідує', 'Андрія', 'в', 'усьому', '.', 'Він', 'ним', 'справді', 'захоплюється', '.']","[['Степан'], ['Андрій']]",0,Він,6
"['Степан', 'наслідує', 'Андрія', 'в', 'усьому', '.', 'Він', 'на', 'нього', 'справді', 'впливає', '.']","[['Степан'], ['Андрій']]",1,Він,6
"['Стіл', 'не', 'поміщається', 'в', 'коридорі', ',', 'бо', 'він', 'занадто', 'широкий', '.']","[['стіл'], ['коридор']]",0,він,7
"['Стіл', 'не', 'поміщається', 'в', 'коридорі', ',', 'бо', 'він', 'занадто', 'вузький', '.']","[['стіл'], ['коридор']]",1,він,7
"['Надія', 'охоче', 'поміняла', 'свій', 'светр', 'на', 'мій', 'піджак', '.', 'Вона', 'думає', ',', 'що', 'він', 'погано', 'на', 'ній', 'виглядає', '.']","[['светр'], ['піджак']]",0,він,13
"['Надія', 'охоче', 'поміняла', 'свій', 'светр', 'на', 'мій', 'піджак', '.', 'Вона', 'думає', ',', 'що', 'він', 'чудово', 'на', 'ній', 'виглядає', '.']","[['светр'], ['піджак']]",1,він,13
"['Іван', 'найняв', 'Бориса', ',', 'щоб', 'він', 'за', 'ним', 'доглядав', '.']","[['Іван'], ['Борис']]",0,ним,7
"['Іван', 'запропонував', 'свої', 'послуги', 'Борисові', ',', 'щоб', 'він', 'за', 'ним', 'доглядав', '.']","[['Іван'], ['Борис']]",1,ним,9
"['Іван', 'пообіцяв', 'Богданові', 'піти', ',', 'тож', 'за', 'годину', 'він', 'пішов', '.']","[['Іван'], ['Богдан']]",0,він,8
"['Іван', 'наказав', 'Богданові', 'піти', ',', 'тож', 'за', 'годину', 'він', 'пішов', '.']","[['Іван'], ['Богдан']]",1,він,8
"['Біографія', 'спартанського', 'генерала', 'Ксенофана', ',', 'написана', 'Семом', 'Ґудманом', ',', 'передає', 'надзвичайні', 'складнощі', ',', 'з', 'якими', 'він', 'зіткнувся', 'в', 'дослідженнях', '.']","[['Ґудман'], ['Ксенофан']]",0,він,15
"['Біографія', 'спартанського', 'генерала', 'Ксенофана', ',', 'написана', 'Семом', 'Ґудманом', ',', 'передає', 'надзвичайні', 'складнощі', ',', 'з', 'якими', 'він', 'зіткнувся', 'в', 'дитинстві', '.']","[['Ґудман'], ['Ксенофан']]",1,він,15
"['Матір', 'Емми', 'давно', 'померла', ',', 'і', 'її', 'освітою', 'займалася', 'чудова', 'жінка', '-', 'гувернантка', '.']","[['Емма'], ['матір', 'Емми']]",0,її,6
"['Матір', 'Емми', 'давно', 'померла', ',', 'і', 'її', 'місце', 'зайняла', 'чудова', 'жінка', '-', 'гувернантка', '.']","[['Емма'], ['матір', 'Емми']]",1,її,6
"['Віра', 'постукала', 'у', 'двері', 'Світлани', ',', 'однак', 'вона', 'не', 'отримала', 'відповіді', '.']","[['Віра'], ['Світлана']]",0,вона,7
"['Віра', 'постукала', 'у', 'двері', 'Світлани', ',', 'однак', 'вона', 'не', 'відповіла', '.']","[['Віра'], ['Світлана']]",1,вона,7
"['Іван', 'заплатив', 'детективу', 'після', 'того', ',', 'як', 'він', 'отримав', 'останню', 'доповідь', 'стосовно', 'справи', '.']","[['Іван'], ['детектив']]",0,він,7
"['Іван', 'заплатив', 'детективу', 'після', 'того', ',', 'як', 'він', 'надав', 'останню', 'доповідь', 'стосовно', 'справи', '.']","[['Іван'], ['детектив']]",1,він,7
"['Ірина', 'не', 'образилася', 'на', 'Настю', ',', 'яка', 'її', 'перервала', ',', 'бо', 'вона', 'зупинилася', 'й', 'порахувала', 'до', 'десяти', '.']","[['Ірина'], ['Настя']]",0,вона,11
"['Ірина', 'не', 'образилася', 'на', 'Настю', ',', 'яка', 'її', 'перервала', ',', 'бо', 'вона', 'зупинилася', 'й', 'попросила', 'пробачення', '.']","[['Ірина'], ['Настя']]",1,вона,11
"['Денис', 'сів', 'на', 'заднє', 'сидіння', ',', 'тоді', 'як', 'Роман', 'зайняв', 'переднє', ',', 'бо', 'він', 'був', 'кращим', 'водієм', '.']","[['Денис'], ['Роман']]",0,він,13
"['Денис', 'сів', 'на', 'заднє', 'сидіння', ',', 'тоді', 'як', 'Роман', 'зайняв', 'переднє', ',', 'бо', 'він', 'був', 'гіршим', 'водієм', '.']","[['Денис'], ['Роман']]",1,він,13
"['Коли', 'Аліна', 'пролітала', 'над', 'Софією', 'у', 'літаку', ',', 'вона', 'дивилася', 'на', 'злітно-посадкову', 'смугу', '.']","[['Аліна'], ['Софія']]",0,вона,8
"['Коли', 'Аліна', 'пролітала', 'над', 'Софією', 'у', 'літаку', ',', 'вона', 'дивилася', 'на', 'шасі', '.']","[['Аліна'], ['Софія']]",1,вона,8
"['Денис', 'підвіз', 'Романа', 'до', 'школи', ',', 'щоб', 'йому', 'не', 'довелося', 'їхати', 'самому', '.']","[['Денис'], ['Роман']]",0,йому,7
"['Денис', 'підвіз', 'Романа', 'до', 'школи', ',', 'щоб', 'йому', 'не', 'довелося', 'іти', 'пішки', '.']","[['Денис'], ['Роман']]",1,йому,7
"['Богдан', 'передав', 'Іванові', 'напівпорожню', 'тарілку', ',', 'бо', 'він', 'наївся', '.']","[['Богдан'], ['Іван']]",0,він,7
"['Богдан', 'передав', 'Іванові', 'напівпорожню', 'тарілку', ',', 'бо', 'він', 'зголоднів', '.']","[['Богдан'], ['Іван']]",1,він,7
"['Богдан', 'передав', 'Іванові', 'приставку', ',', 'бо', 'його', 'хід', 'закінчився', '.']","[['Богдан'], ['Іван']]",0,його,6
"['Богдан', 'передав', 'Іванові', 'приставку', ',', 'бо', 'його', 'хід', 'почався', '.']","[['Богдан'], ['Іван']]",1,його,6
"['Назар', 'розплакався', ',', 'бо', 'Славко', 'не', 'хотів', 'прийняти', 'його', 'іграшку', '.']","[['Назар'], ['Славко']]",0,його,8
"['Назар', 'розплакався', ',', 'бо', 'Славко', 'не', 'хотів', 'ділитися', 'його', 'іграшкою', '.']","[['Назар'], ['Славко']]",1,його,8
"['Коли', 'Тарас', 'впустив', 'своє', 'морозиво', ',', 'Роман', 'засміявся', ',', 'і', 'батько', 'співчутливо', 'на', 'нього', 'подивився', '.']","[['Тарас'], ['Роман']]",0,нього,13
"['Коли', 'Тарас', 'впустив', 'своє', 'морозиво', ',', 'Роман', 'засміявся', ',', 'і', 'батько', 'строго', 'на', 'нього', 'подивився', '.']","[['Тарас'], ['Роман']]",1,нього,13
"['Коли', 'Олег', 'ніс', 'Тараса', 'по', 'сходах', 'угору', ',', 'його', 'ноги', 'боліли', '.']","[['Олег'], ['Тарас']]",0,його,8
"['Коли', 'Олег', 'ніс', 'Тараса', 'по', 'сходах', 'угору', ',', 'його', 'ноги', 'бовталися', '.']","[['Олег'], ['Тарас']]",1,його,8
"['Лікарка', 'розповіла', 'Катерині', ',', 'що', 'вона', 'звільняється', ',', 'і', 'запропонувала', 'кілька', 'варіантів', 'подальшого', 'лікування', '.']","[['лікарка'], ['Катерина']]",0,вона,5
"['Лікарка', 'розповіла', 'Катерині', ',', 'що', 'вона', 'хвора', 'на', 'рак', ',', 'і', 'запропонувала', 'кілька', 'варіантів', 'подальшого', 'лікування', '.']","[['лікарка'], ['Катерина']]",1,вона,5
"['Денис', 'завадив', 'Романові', 'гратися', 'з', 'пораненою', 'пташкою', '.', 'Він', 'дуже', 'жалісливий', '.']","[['Денис'], ['Роман']]",0,Він,8
"['Денис', 'завадив', 'Романові', 'гратися', 'з', 'пораненою', 'пташкою', '.', 'Він', 'дуже', 'жорстокий', '.']","[['Денис'], ['Роман']]",1,Він,8
"['Назар', 'отримав', 'безкоштовні', 'квитки', 'на', 'виставу', ',', 'але', 'він', 'віддав', 'їх', 'Владові', ',', 'незважаючи', 'на', 'те', ',', 'що', 'він', 'дуже', 'їх', 'хотів', '.']","[['Назар'], ['Влад']]",0,він,18
"['Назар', 'отримав', 'безкоштовні', 'квитки', 'на', 'виставу', ',', 'але', 'він', 'віддав', 'їх', 'Владові', ',', 'бо', 'він', 'дуже', 'їх', 'хотів', '.']","[['Назар'], ['Влад']]",1,він,14
"['Назар', 'отримав', 'безкоштовні', 'квитки', 'на', 'виставу', ',', 'але', 'він', 'віддав', 'їх', 'Владові', ',', 'бо', 'він', 'зовсім', 'їх', 'не', 'хотів', '.']","[['Назар'], ['Влад']]",0,він,14
"['Іра', 'віддала', 'Наді', 'цукерки', ',', 'бо', 'вона', 'не', 'була', 'голодна', '.']","[['Іра'], ['Надя']]",0,вона,6
"['Іра', 'віддала', 'Наді', 'цукерки', ',', 'бо', 'вона', 'була', 'голодна', '.']","[['Іра'], ['Надя']]",1,вона,6
"['Я', 'спробував', 'намалювати', 'оранжерею', ',', 'з', 'лимонами', 'на', 'деревах', ',', 'але', 'в', 'результаті', 'вони', 'вийшли', 'більш', 'схожі', 'на', 'лампочки', '.']","[['лимони'], ['дерева']]",0,вони,13
"['Я', 'спробував', 'намалювати', 'оранжерею', ',', 'з', 'лимонами', 'на', 'деревах', ',', 'але', 'в', 'результаті', 'вони', 'вийшли', 'більш', 'схожі', 'на', 'стовпи', '.']","[['лимони'], ['дерева']]",1,вони,13
"['Андрій', 'попросив', 'у', 'Романа', 'про', 'допомогу', ',', 'але', 'йому', 'відмовили', '.']","[['Андрій'], ['Роман']]",0,йому,8
"['Андрій', 'попросив', 'у', 'Романа', 'про', 'допомогу', ',', 'але', 'він', 'відмовив', '.']","[['Андрій'], ['Роман']]",1,він,8
"['Іваненко', 'програв', 'президентські', 'вибори', 'Шевченку', ',', 'бо', 'він', 'був', 'менш', 'популярний', '.']","[['Іваненко'], ['Шевченко']]",0,він,7
"['Іваненко', 'програв', 'президентські', 'вибори', 'Шевченку', ',', 'бо', 'він', 'був', 'більш', 'популярний', '.']","[['Іваненко'], ['Шевченко']]",1,він,7
"['Олена', 'не', 'віддала', 'пас', 'Насті', ',', 'хоча', 'вона', 'бачила', ',', 'що', 'вона', 'була', 'відкрита', '.']","[['Олена'], ['Настя']]",0,вона,7
"['Олена', 'не', 'віддала', 'пас', 'Насті', ',', 'хоча', 'вона', 'була', 'відкрита', '.']","[['Олена'], ['Настя']]",1,вона,7
"['Я', 'поклав', 'пірʼїну', 'на', 'парту', ',', 'і', 'вона', 'зламалася', '.']","[['пірʼїна'], ['парта']]",0,вона,7
"['Я', 'поклав', 'важку', 'книгу', 'на', 'парту', ',', 'і', 'вона', 'зламалася', '.']","[['пірʼїна'], ['парта']]",1,вона,8
"['Мадонна', 'звільнила', 'свою', 'тренерку', ',', 'бо', 'вона', 'терпіти', 'не', 'могла', 'її', 'хлопця', '.']","[['Мадонна'], ['тренерка']]",0,вона,6
"['Мадонна', 'звільнила', 'свою', 'тренерку', ',', 'бо', 'вона', 'переспала', 'з', 'її', 'хлопцем', '.']","[['Мадонна'], ['тренерка']]",1,вона,6
"['Мадонна', 'звільнила', 'свою', 'тренерку', ',', 'бо', 'вона', 'переспала', 'з', 'її', 'хлопцем', '.']","[['Мадонна'], ['тренерка']]",0,вона,6
"['Мадонна', 'звільнила', 'свою', 'тренерку', ',', 'бо', 'вона', 'терпіти', 'не', 'могла', 'її', 'хлопця', '.']","[['Мадонна'], ['тренерка']]",1,вона,6
"['Катерина', 'думала', ',', 'що', 'Юлія', 'підозрювала', ',', 'що', 'вона', 'вкрала', 'годинник', '.']","[['Катерина'], ['Юлія']]",0,вона,8
"['Катерина', 'думала', ',', 'що', 'Юлія', 'жаліла', ',', 'що', 'вона', 'вкрала', 'годинник', '.']","[['Катерина'], ['Юлія']]",1,вона,8
"['Аліса', 'шукала', 'свою', 'подругу', 'Настю', 'в', 'юрбі', '.', 'Аліса', 'швидко', 'її', 'побачила', ',', 'бо', 'вона', 'має', 'гарний', 'зір', '.']","[['Аліса'], ['Настя']]",0,вона,14
"['Аліса', 'шукала', 'свою', 'подругу', 'Настю', 'в', 'юрбі', '.', 'Аліса', 'швидко', 'її', 'побачила', ',', 'бо', 'вона', 'носить', 'червону', 'хустку', '.']","[['Аліса'], ['Настя']]",1,вона,14
"['Під', 'час', 'гри', 'у', 'квача', 'Олег', 'бігав', 'за', 'Левом', ',', 'бо', 'він', 'був', 'ведучим', '.']","[['Олег'], ['Лев']]",0,він,11
"['Під', 'час', 'гри', 'у', 'квача', 'Олег', 'тікав', 'від', 'Лева', ',', 'бо', 'він', 'був', 'ведучим', '.']","[['Олег'], ['Лев']]",1,він,11
"['На', 'змаганні', 'за', 'премію', 'Льобнера', 'судді', 'не', 'могли', 'визначитися', ',', 'хто', 'з', 'учасників', 'був', 'роботом', ',', 'бо', 'вони', 'були', 'вкрай', 'дурні', '.']","[['судді'], ['учасники']]",0,вони,17
"['На', 'змаганні', 'за', 'премію', 'Льобнера', 'судді', 'не', 'могли', 'визначитися', ',', 'хто', 'з', 'учасників', 'був', 'роботом', ',', 'бо', 'вони', 'були', 'вкрай', 'розумні', '.']","[['судді'], ['учасники']]",1,вони,17
"['Користувач', 'змінив', 'пароль', 'з', '""', 'GrWQWu8JyC', '""', 'на', '""', 'willow-towered', 'Canopy', 'Huntertropic', 'wrestles', '""', ',', 'бо', 'його', 'було', 'легко', 'забути', '.']","[['GrWQWu8JyC'], ['willow-towered', 'Canopy', 'Huntertropic', 'wrestles']]",0,його,16
"['Користувач', 'змінив', 'пароль', 'з', '""', 'GrWQWu8JyC', '""', 'на', '""', 'willow-towered', 'Canopy', 'Huntertropic', 'wrestles', '""', ',', 'бо', 'його', 'було', 'легко', 'запамʼятати', '.']","[['GrWQWu8JyC'], ['willow-towered', 'Canopy', 'Huntertropic', 'wrestles']]",1,його,16
